{
  "data": [
    {
      "image": "Bukuartikel.jpg",
      "id": "1",
      "nama": "Penulisan Karya ilmiah",
      "judul": "Buku Artikel",
      "desc": "Lorem ipsum dolor sit amet consectetur adipisicing elit. Cumque corrupti nostrum dolores facilis quod quo voluptate repellat quae perferendis! Omnis culpa, eaque a quo eveniet quia, est repellat aliquid eius reiciendis nobis necessitatibus adipisci, blanditiis illum consequuntur autem nihil distinctio.\n"
    },
    {
      "image": "Bukubiografi.jpg",
      "id": "2",
      "nama": "Ideas",
      "judul": "Buku Bio",
      "desc": "Lorem ipsum dolor sit amet consectetur adipisicing elit. Cumque corrupti nostrum dolores facilis quod quo voluptate repellat quae perferendis! Omnis culpa, eaque a quo eveniet quia, est repellat aliquid eius reiciendis nobis necessitatibus adipisci, blanditiis illum consequuntur autem nihil distinctio.\n"
    },
    {
      "image": "Bukucerita.jpg",
      "id": "3",
      "nama": "Kurcaci",
      "judul": "Buku Cerita",
      "desc": "Lorem ipsum dolor sit amet consectetur adipisicing elit. Cumque corrupti nostrum dolores facilis quod quo voluptate repellat quae perferendis! Omnis culpa, eaque a quo eveniet quia, est repellat aliquid eius reiciendis nobis necessitatibus adipisci, blanditiis illum consequuntur autem nihil distinctio."
    },
    {
      "image": "Bukufiksi.jpeg",
      "id": "4",
      "nama": "The Hobbit",
      "judul": "Buku Fiksi",
      "desc": "Lorem ipsum dolor sit amet consectetur adipisicing elit. Cumque corrupti nostrum dolores facilis quod quo voluptate repellat quae perferendis! Omnis culpa, eaque a quo eveniet quia, est repellat aliquid eius reiciendis nobis necessitatibus adipisci, blanditiis illum consequuntur autem nihil distinctio."
    },
    {
      "image": "Bukumajalah.jpg",
      "id": "5",
      "nama": "Umpan",
      "judul": "Buku Majalah",
      "desc": "Lorem ipsum dolor sit amet consectetur adipisicing elit. Cumque corrupti nostrum dolores facilis quod quo voluptate repellat quae perferendis! Omnis culpa, eaque a quo eveniet quia, est repellat aliquid eius reiciendis nobis necessitatibus adipisci, blanditiis illum consequuntur autem nihil distinctio."
    },
    {
      "image": "Bukupelajarann.jpg",
      "id": "6",
      "nama": "Matematika",
      "judul": "Buku Pelajaran",
      "desc": "Lorem ipsum dolor sit amet consectetur adipisicing elit. Cumque corrupti nostrum dolores facilis quod quo voluptate repellat quae perferendis! Omnis culpa, eaque a quo eveniet quia, est repellat aliquid eius reiciendis nobis necessitatibus adipisci, blanditiis illum consequuntur autem nihil distinctio."
    }
  ],
  "user": [
    {
      "id": "1",
      "username": "adit",
      "password": "111"
    }
  ]
}